,w_0,b_0,w_1,b_1,w_2,b_2
0,-1.2090983390808105,0.4569699466228485,-0.9492891430854797,-0.09377598017454147,0.7339609265327454,0.01911095157265663
1,-0.9301517605781555,0.15313012897968292,1.0052123069763184,0.15981538593769073,-0.7947958707809448,
2,-1.0338854789733887,0.24527838826179504,-0.8277108669281006,-0.027083858847618103,-0.754072904586792,
3,1.1354472637176514,-0.4955385625362396,-0.43358278274536133,-0.12843462824821472,-0.6844415664672852,
4,0.7615302205085754,0.14661934971809387,-0.5403841733932495,0.010262629017233849,-0.7474669218063354,
5,0.08138157427310944,-0.664823591709137,0.4156099259853363,-0.0692409947514534,0.8854116797447205,
6,-1.2192996740341187,-0.07773364335298538,-0.7137605547904968,-0.06097835302352905,-0.7129007577896118,
7,0.9870851635932922,-0.19311030209064484,0.714332640171051,0.13193824887275696,-0.7856413722038269,
8,0.42927446961402893,-0.831076443195343,-0.09043772518634796,0.25364941358566284,0.7583315372467041,
9,-0.8168643712997437,0.4389030337333679,0.25142019987106323,-0.06990604847669601,0.8238292932510376,
10,0.8252986073493958,-0.2014622688293457,-0.16614320874214172,0.005198298487812281,-0.10982034355401993,
11,0.9120854139328003,-0.24348953366279602,0.8207625150680542,0.10951811820268631,-1.1955771446228027,
12,-1.5238524675369263,0.3447289764881134,0.7857913970947266,0.06739503890275955,-1.146446704864502,
13,-0.8157457709312439,1.0365700721740723,-0.8043172955513,-0.012562007643282413,-0.570387065410614,
14,0.8634684681892395,-0.4659438133239746,1.0369666814804077,0.021520767360925674,0.8566465377807617,
15,-1.4278186559677124,0.4084424078464508,0.7216487526893616,-0.019276056438684464,-1.004225254058838,
16,-0.6261979341506958,0.2633228898048401,0.137390598654747,0.019122414290905,0.6732297539710999,
17,-0.9940145015716553,0.3585897386074066,1.2658499479293823,0.4332903325557709,-0.7490065097808838,
18,-1.1722073554992676,-0.1017649844288826,0.8608344793319702,0.13948796689510345,-0.6579180955886841,
19,-1.2000044584274292,0.5296889543533325,-1.0511960983276367,-0.478802353143692,0.7555117607116699,
20,0.7637184858322144,-0.35633501410484314,0.8985952734947205,0.13538706302642822,-0.8733596801757812,
21,-1.228903889656067,0.4119066298007965,0.8975819945335388,-0.06923308968544006,0.7015171647071838,
22,0.8808378577232361,-0.05105811357498169,-0.6181930303573608,-0.04656157270073891,-0.6446332335472107,
23,0.9740289449691772,-0.21856065094470978,-0.30452173948287964,-0.07026324421167374,-0.49051687121391296,
24,-0.04834871366620064,0.3675270974636078,0.39178547263145447,-0.08894535899162292,0.8430938124656677,
25,0.48460838198661804,0.04208426550030708,-0.49377503991127014,-0.26901447772979736,0.8953977823257446,
26,1.0443428754806519,-0.19752739369869232,0.8252715468406677,0.0999760851264,-0.7015684843063354,
27,1.1370781660079956,-0.21381644904613495,-0.06908577680587769,0.0011434536427259445,-0.4400699734687805,
28,0.6476781368255615,-0.09498102217912674,0.6682218313217163,0.0030937902629375458,0.5589482188224792,
29,1.1642147302627563,-0.5128790736198425,0.9290129542350769,0.11578826606273651,-0.7083122134208679,
30,1.3487250804901123,-0.5493663549423218,-0.17016419768333435,-0.0559733547270298,-0.47370579838752747,
31,1.1388413906097412,-0.5269786715507507,-0.7762755155563354,0.15559031069278717,0.5652903318405151,
32,0.689993143081665,,-0.689517617225647,,,
33,0.2267691195011139,,1.1249488592147827,,,
34,0.2971203923225403,,-1.2472423315048218,,,
35,-0.45132213830947876,,-0.5061253905296326,,,
36,-1.088208794593811,,-1.8098951578140259,,,
37,1.3018032312393188,,1.0423978567123413,,,
38,1.193271517753601,,-0.7912589311599731,,,
39,-0.5345656871795654,,0.9595207571983337,,,
40,1.323647141456604,,1.5364255905151367,,,
41,-0.19561032950878143,,0.7329468727111816,,,
42,-0.41120243072509766,,-0.10939609259366989,,,
43,-0.17363731563091278,,0.3539351224899292,,,
44,0.7268497943878174,,0.5098716020584106,,,
45,-1.4671415090560913,,-1.0944695472717285,,,
46,1.0180480480194092,,1.2112691402435303,,,
47,0.5948879718780518,,0.930293083190918,,,
48,-0.20272189378738403,,0.7694480419158936,,,
49,0.40429046750068665,,0.9866511821746826,,,
50,1.199628233909607,,0.5735917091369629,,,
51,0.5765622854232788,,-0.6198803186416626,,,
52,0.07300056517124176,,0.5283797383308411,,,
53,0.634378969669342,,1.1471318006515503,,,
54,-0.5518861413002014,,-1.3923044204711914,,,
55,-0.1576213836669922,,-1.2219445705413818,,,
56,-0.20413987338542938,,1.397435188293457,,,
57,-0.25839468836784363,,-0.44965696334838867,,,
58,-0.15378697216510773,,0.874756932258606,,,
59,-0.5293892025947571,,-0.9360345005989075,,,
60,-0.18989317119121552,,0.7163548469543457,,,
61,-0.36564338207244873,,0.6202150583267212,,,
62,-0.46997061371803284,,-1.5649902820587158,,,
63,-0.12457314133644104,,-0.16551002860069275,,,
64,-0.28353363275527954,,-1.014650821685791,,,
65,0.23031318187713623,,0.6753228306770325,,,
66,-0.7837598323822021,,-0.07494150847196579,,,
67,0.3641985058784485,,0.02981211245059967,,,
68,-0.1137678250670433,,0.30216777324676514,,,
69,-1.046245813369751,,0.28218889236450195,,,
70,0.20693184435367584,,-0.03713507205247879,,,
71,-0.4543766677379608,,0.20555947721004486,,,
72,0.8080284595489502,,-0.4063790738582611,,,
73,0.7619131803512573,,0.2783164083957672,,,
74,0.33871057629585266,,0.13992246985435486,,,
75,-0.5758499503135681,,0.3543705344200134,,,
76,0.15648283064365387,,0.3966865539550781,,,
77,1.1485246419906616,,0.18806985020637512,,,
78,0.2062370628118515,,-0.05233363062143326,,,
79,-0.023754892870783806,,0.4460757374763489,,,
80,-0.060515932738780975,,0.07208617776632309,,,
81,-0.15240350365638733,,1.12947678565979,,,
82,0.3425430953502655,,0.495301753282547,,,
83,-0.42954978346824646,,-1.344704270362854,,,
84,0.488007515668869,,0.622084379196167,,,
85,-0.20247159898281097,,0.2241715043783188,,,
86,-0.10462435334920883,,0.18753981590270996,,,
87,1.1957119703292847,,0.3093052804470062,,,
88,1.798181414604187,,0.3641628324985504,,,
89,0.645082950592041,,-0.6393671631813049,,,
90,-0.45415300130844116,,0.5408987402915955,,,
91,-0.21158720552921295,,-0.1003376767039299,,,
92,-0.10372298955917358,,0.10006915032863617,,,
93,0.17781662940979004,,0.2498236745595932,,,
94,0.12202119827270508,,0.08651790767908096,,,
95,-0.19961537420749664,,-0.7264852523803711,,,
96,,,1.1487897634506226,,,
97,,,-0.626254141330719,,,
98,,,1.0032159090042114,,,
99,,,0.5804672241210938,,,
100,,,0.7349964380264282,,,
101,,,-0.9170773029327393,,,
102,,,0.5646765828132629,,,
103,,,-0.6871094107627869,,,
104,,,-0.4062501788139343,,,
105,,,-0.4889019727706909,,,
106,,,0.02114742435514927,,,
107,,,-0.957298219203949,,,
108,,,-0.8130375742912292,,,
109,,,0.9424773454666138,,,
110,,,-0.791745126247406,,,
111,,,-0.8166882991790771,,,
112,,,-0.44040173292160034,,,
113,,,-1.0929149389266968,,,
114,,,-0.9484554529190063,,,
115,,,1.3896561861038208,,,
116,,,-1.1032065153121948,,,
117,,,-0.7217560410499573,,,
118,,,0.824556291103363,,,
119,,,0.6923993229866028,,,
120,,,-0.9933597445487976,,,
121,,,1.2467836141586304,,,
122,,,-0.6085770726203918,,,
123,,,0.684578001499176,,,
124,,,-0.9984340667724609,,,
125,,,-0.9484049081802368,,,
126,,,0.19370391964912415,,,
127,,,1.2425756454467773,,,
128,,,0.2724134027957916,,,
129,,,-0.47089818120002747,,,
130,,,0.9280572533607483,,,
131,,,0.4251508414745331,,,
132,,,0.7671586275100708,,,
133,,,-0.3819611966609955,,,
134,,,0.5405239462852478,,,
135,,,-0.6794301271438599,,,
136,,,1.227818489074707,,,
137,,,-0.42354851961135864,,,
138,,,-0.0339001789689064,,,
139,,,-0.0107157863676548,,,
140,,,-0.1714639663696289,,,
141,,,0.7671220302581787,,,
142,,,-0.9713944792747498,,,
143,,,0.08427008241415024,,,
144,,,-0.04936526343226433,,,
145,,,-1.3211846351623535,,,
146,,,-0.324843168258667,,,
147,,,0.9603883028030396,,,
148,,,-0.23751087486743927,,,
149,,,-1.3048641681671143,,,
150,,,1.046409010887146,,,
151,,,0.18188652396202087,,,
152,,,-1.1749683618545532,,,
153,,,-1.092452049255371,,,
154,,,-0.36307069659233093,,,
155,,,0.43005985021591187,,,
156,,,-0.7370362877845764,,,
157,,,-0.36613962054252625,,,
158,,,-0.14357855916023254,,,
159,,,-0.49307939410209656,,,
160,,,-0.7269149422645569,,,
161,,,0.5678483247756958,,,
162,,,0.2777143120765686,,,
163,,,0.3802737891674042,,,
164,,,1.0610367059707642,,,
165,,,-0.2875358462333679,,,
166,,,0.5066172480583191,,,
167,,,0.3366157114505768,,,
168,,,-1.419596552848816,,,
169,,,-0.20111015439033508,,,
170,,,-0.15708021819591522,,,
171,,,0.15157094597816467,,,
172,,,0.18169714510440826,,,
173,,,0.912972092628479,,,
174,,,-0.8792368769645691,,,
175,,,0.36485034227371216,,,
176,,,-0.26594749093055725,,,
177,,,0.7396742701530457,,,
178,,,0.31306251883506775,,,
179,,,-0.8782230019569397,,,
180,,,0.42534804344177246,,,
181,,,-0.6491784453392029,,,
182,,,0.5034592747688293,,,
183,,,0.8203332424163818,,,
184,,,-0.42719054222106934,,,
185,,,0.0322406105697155,,,
186,,,0.25969398021698,,,
187,,,-0.16560442745685577,,,
188,,,-0.5526543855667114,,,
189,,,0.018202349543571472,,,
190,,,0.5615440011024475,,,
191,,,-0.8367606997489929,,,
192,,,-0.24470961093902588,,,
193,,,0.5350780487060547,,,
194,,,-0.8157308101654053,,,
195,,,-0.664462685585022,,,
196,,,-0.8418658971786499,,,
197,,,0.7559405565261841,,,
198,,,-0.6449151039123535,,,
199,,,0.2571117579936981,,,
200,,,-0.5124136209487915,,,
201,,,0.8264901041984558,,,
202,,,0.24800920486450195,,,
203,,,0.45370036363601685,,,
204,,,0.6326879262924194,,,
205,,,-0.9701502919197083,,,
206,,,1.1609727144241333,,,
207,,,0.15547217428684235,,,
208,,,0.6099381446838379,,,
209,,,0.8288533091545105,,,
210,,,0.5940593481063843,,,
211,,,-0.9629266262054443,,,
212,,,0.51048344373703,,,
213,,,0.8094427585601807,,,
214,,,-0.8966701626777649,,,
215,,,-0.5240350961685181,,,
216,,,0.979626476764679,,,
217,,,0.7506652474403381,,,
218,,,0.2776266038417816,,,
219,,,-0.4114404022693634,,,
220,,,0.965863823890686,,,
221,,,0.3561135530471802,,,
222,,,-0.23557771742343903,,,
223,,,0.0960315391421318,,,
224,,,0.023345761001110077,,,
225,,,-0.3030681610107422,,,
226,,,0.6793133616447449,,,
227,,,0.3982875347137451,,,
228,,,1.11984121799469,,,
229,,,-0.26423802971839905,,,
230,,,0.45318278670310974,,,
231,,,-0.24784401059150696,,,
232,,,-0.7947105169296265,,,
233,,,-0.5692858695983887,,,
234,,,-0.36450329422950745,,,
235,,,-0.47601643204689026,,,
236,,,-0.2705652117729187,,,
237,,,0.6743320822715759,,,
238,,,-0.8439209461212158,,,
239,,,-0.07674594968557358,,,
240,,,-0.3011983633041382,,,
241,,,-0.5122236013412476,,,
242,,,-0.21751071512699127,,,
243,,,0.8214195966720581,,,
244,,,0.019853681325912476,,,
245,,,-1.0212733745574951,,,
246,,,0.8140754103660583,,,
247,,,0.34729617834091187,,,
248,,,-1.0213258266448975,,,
249,,,-0.19665086269378662,,,
250,,,-0.09556138515472412,,,
251,,,0.19534209370613098,,,
252,,,-0.6177777051925659,,,
253,,,-0.3499078154563904,,,
254,,,0.797476589679718,,,
255,,,-0.09932735562324524,,,
256,,,0.9851027727127075,,,
257,,,-0.7968034148216248,,,
258,,,-0.8992382884025574,,,
259,,,-0.340664803981781,,,
260,,,-0.8224472403526306,,,
261,,,0.24973194301128387,,,
262,,,-0.36674171686172485,,,
263,,,-0.1291131228208542,,,
264,,,0.578595757484436,,,
265,,,-0.052426066249608994,,,
266,,,-0.3365308940410614,,,
267,,,-0.24679766595363617,,,
268,,,-0.12395668774843216,,,
269,,,-0.29107606410980225,,,
270,,,0.8460510969161987,,,
271,,,-0.33598652482032776,,,
272,,,0.12074955552816391,,,
273,,,-0.9851571917533875,,,
274,,,-0.453130841255188,,,
275,,,0.8800207376480103,,,
276,,,-0.7445034384727478,,,
277,,,1.2512240409851074,,,
278,,,-0.7259601950645447,,,
279,,,-0.5758018493652344,,,
280,,,1.295411467552185,,,
281,,,1.3156154155731201,,,
282,,,-0.41796478629112244,,,
283,,,-0.0019501420902088284,,,
284,,,0.0562029592692852,,,
285,,,-0.26630112528800964,,,
286,,,-0.8154023885726929,,,
287,,,0.8792211413383484,,,
288,,,0.07335451990365982,,,
289,,,-0.058921679854393005,,,
290,,,-0.721487283706665,,,
291,,,-0.580238938331604,,,
292,,,-0.8458103537559509,,,
293,,,0.2268255054950714,,,
294,,,-0.6936437487602234,,,
295,,,0.10013338923454285,,,
296,,,1.287340760231018,,,
297,,,0.28432801365852356,,,
298,,,0.1341123878955841,,,
299,,,0.07786647230386734,,,
300,,,0.24754904210567474,,,
301,,,-0.22968246042728424,,,
302,,,0.6361298561096191,,,
303,,,0.17661571502685547,,,
304,,,0.19064675271511078,,,
305,,,0.0830107182264328,,,
306,,,0.028776081278920174,,,
307,,,0.037259019911289215,,,
308,,,0.02499682642519474,,,
309,,,0.6473813056945801,,,
310,,,-0.6355164647102356,,,
311,,,-0.6781648397445679,,,
312,,,0.7224040627479553,,,
313,,,0.2430490255355835,,,
314,,,0.1920900046825409,,,
315,,,-0.4752887785434723,,,
316,,,0.2837483286857605,,,
317,,,0.08171515166759491,,,
318,,,-0.5883780121803284,,,
319,,,0.3881101906299591,,,
320,,,0.4602794945240021,,,
321,,,-0.6657525897026062,,,
322,,,0.22220221161842346,,,
323,,,-0.014073038473725319,,,
324,,,0.15180014073848724,,,
325,,,-0.302181214094162,,,
326,,,0.39998000860214233,,,
327,,,-0.5956547260284424,,,
328,,,0.4237973392009735,,,
329,,,-0.05365105718374252,,,
330,,,-0.5648334622383118,,,
331,,,-0.5016077756881714,,,
332,,,-0.4785427749156952,,,
333,,,0.13386663794517517,,,
334,,,-0.5632653832435608,,,
335,,,-0.6947882175445557,,,
336,,,0.11891917139291763,,,
337,,,-0.9845374226570129,,,
338,,,-0.49468109011650085,,,
339,,,1.1551237106323242,,,
340,,,-0.4025605618953705,,,
341,,,-0.23634172976016998,,,
342,,,0.2815881371498108,,,
343,,,0.06885454058647156,,,
344,,,-0.7272899150848389,,,
345,,,0.5860377550125122,,,
346,,,-0.6689513921737671,,,
347,,,0.3413134813308716,,,
348,,,-0.2684324383735657,,,
349,,,-0.2658437192440033,,,
350,,,-0.2728472054004669,,,
351,,,0.7088345289230347,,,
352,,,0.23748789727687836,,,
353,,,-0.17257285118103027,,,
354,,,1.0187574625015259,,,
355,,,0.7770108580589294,,,
356,,,1.6454963684082031,,,
357,,,-0.2461727410554886,,,
358,,,0.03782299533486366,,,
359,,,-0.10229607671499252,,,
360,,,-1.166190266609192,,,
361,,,-0.5835238099098206,,,
362,,,-0.056863896548748016,,,
363,,,-0.3998728394508362,,,
364,,,-0.4318152666091919,,,
365,,,0.8416424989700317,,,
366,,,-0.8508675694465637,,,
367,,,-0.2454899698495865,,,
368,,,-0.3228445053100586,,,
369,,,-0.3167528808116913,,,
370,,,-0.188087597489357,,,
371,,,0.20855700969696045,,,
372,,,0.13956773281097412,,,
373,,,-1.0378196239471436,,,
374,,,0.4294862747192383,,,
375,,,0.6205408573150635,,,
376,,,-0.9280803203582764,,,
377,,,-0.2576234042644501,,,
378,,,0.039847858250141144,,,
379,,,0.4416271150112152,,,
380,,,-0.3875179588794708,,,
381,,,-0.11155009269714355,,,
382,,,0.8531652688980103,,,
383,,,-0.0632861778140068,,,
384,,,-0.5537561774253845,,,
385,,,0.9319977760314941,,,
386,,,-1.0864977836608887,,,
387,,,-0.6302913427352905,,,
388,,,-1.2415803670883179,,,
389,,,0.7067062854766846,,,
390,,,-0.5083673596382141,,,
391,,,0.7769873142242432,,,
392,,,0.7150301933288574,,,
393,,,0.4085674285888672,,,
394,,,-0.09984481334686279,,,
395,,,0.446260929107666,,,
396,,,0.6370807886123657,,,
397,,,-1.0108968019485474,,,
398,,,0.9309855699539185,,,
399,,,0.4409427344799042,,,
400,,,1.0002105236053467,,,
401,,,1.1438671350479126,,,
402,,,0.5513389706611633,,,
403,,,-1.3065987825393677,,,
404,,,0.766708254814148,,,
405,,,0.985688328742981,,,
406,,,-0.726008951663971,,,
407,,,-0.6088227033615112,,,
408,,,1.063932180404663,,,
409,,,0.008604493923485279,,,
410,,,0.5313868522644043,,,
411,,,-0.7553423643112183,,,
412,,,0.7105132341384888,,,
413,,,0.5926430821418762,,,
414,,,-0.5000683665275574,,,
415,,,-0.5075796842575073,,,
416,,,0.12551508843898773,,,
417,,,-0.33817896246910095,,,
418,,,-1.138274073600769,,,
419,,,-1.0143587589263916,,,
420,,,-1.4875104427337646,,,
421,,,0.30985838174819946,,,
422,,,-0.4392755329608917,,,
423,,,0.01997940056025982,,,
424,,,1.6757160425186157,,,
425,,,0.5347078442573547,,,
426,,,-0.11791657656431198,,,
427,,,0.18357355892658234,,,
428,,,-0.2953469455242157,,,
429,,,-0.716126561164856,,,
430,,,0.8417654633522034,,,
431,,,-0.047508351504802704,,,
432,,,0.20047813653945923,,,
433,,,-0.8090689182281494,,,
434,,,0.09854928404092789,,,
435,,,0.4771623909473419,,,
436,,,-0.004829158075153828,,,
437,,,0.9299508929252625,,,
438,,,-0.5324656367301941,,,
439,,,-0.7009425163269043,,,
440,,,1.0726810693740845,,,
441,,,-0.34404000639915466,,,
442,,,0.09617255628108978,,,
443,,,-0.35874876379966736,,,
444,,,0.5976767539978027,,,
445,,,0.030184783041477203,,,
446,,,-1.0611934661865234,,,
447,,,0.8130117058753967,,,
448,,,0.6333059072494507,,,
449,,,-0.4181360900402069,,,
450,,,-0.4634742736816406,,,
451,,,-0.16695570945739746,,,
452,,,-0.17539136111736298,,,
453,,,-0.1299504190683365,,,
454,,,-0.09284603595733643,,,
455,,,-0.6575325727462769,,,
456,,,0.3687249422073364,,,
457,,,0.1694299429655075,,,
458,,,-0.008957404643297195,,,
459,,,-0.39108988642692566,,,
460,,,-0.6280217170715332,,,
461,,,-0.4687768518924713,,,
462,,,0.2698787450790405,,,
463,,,-0.4220789074897766,,,
464,,,0.013235131278634071,,,
465,,,-0.5799095630645752,,,
466,,,-0.6853699088096619,,,
467,,,0.7422930002212524,,,
468,,,-0.7710753083229065,,,
469,,,0.35396966338157654,,,
470,,,-0.3326267600059509,,,
471,,,-0.13343390822410583,,,
472,,,0.18625427782535553,,,
473,,,1.0214539766311646,,,
474,,,-0.4246847629547119,,,
475,,,0.26498910784721375,,,
476,,,0.4778067469596863,,,
477,,,-0.2330664098262787,,,
478,,,-0.8479829430580139,,,
479,,,0.49047085642814636,,,
480,,,-0.4788200259208679,,,
481,,,0.9635995626449585,,,
482,,,-0.7628538012504578,,,
483,,,-0.393448144197464,,,
484,,,-1.088936686515808,,,
485,,,0.25738441944122314,,,
486,,,-0.6764187812805176,,,
487,,,0.7092667818069458,,,
488,,,0.448072612285614,,,
489,,,0.4354999363422394,,,
490,,,0.02216120809316635,,,
491,,,0.07641991972923279,,,
492,,,0.3876194655895233,,,
493,,,-0.24626341462135315,,,
494,,,0.747309148311615,,,
495,,,0.3993740677833557,,,
496,,,0.20502088963985443,,,
497,,,1.2160124778747559,,,
498,,,0.6093422174453735,,,
499,,,-1.0626039505004883,,,
500,,,0.4105697274208069,,,
501,,,0.9332160353660583,,,
502,,,-0.9582024812698364,,,
503,,,-0.5164695978164673,,,
504,,,1.066182017326355,,,
505,,,-0.6348270177841187,,,
506,,,0.8252030611038208,,,
507,,,-0.4016069173812866,,,
508,,,0.5361870527267456,,,
509,,,0.7538728713989258,,,
510,,,-0.3746521770954132,,,
511,,,-0.20447102189064026,,,
512,,,-0.7537868618965149,,,
513,,,0.09574023634195328,,,
514,,,0.014247736893594265,,,
515,,,-0.6450144052505493,,,
516,,,-0.7295883893966675,,,
517,,,0.4852362871170044,,,
518,,,-0.3926580548286438,,,
519,,,0.35132771730422974,,,
520,,,1.5728633403778076,,,
521,,,0.4386645555496216,,,
522,,,0.019634157419204712,,,
523,,,0.4451345205307007,,,
524,,,0.21800597012043,,,
525,,,-0.6796603798866272,,,
526,,,0.2244042158126831,,,
527,,,0.7352107167243958,,,
528,,,0.3359581232070923,,,
529,,,0.3818531632423401,,,
530,,,0.15150748193264008,,,
531,,,-0.14919668436050415,,,
532,,,0.8177608251571655,,,
533,,,0.6089591383934021,,,
534,,,-0.613664448261261,,,
535,,,-0.7701295018196106,,,
536,,,0.4125291705131531,,,
537,,,-1.3998197317123413,,,
538,,,0.6503759622573853,,,
539,,,-0.3052045404911041,,,
540,,,0.5315882563591003,,,
541,,,-0.012557242065668106,,,
542,,,-0.1612095832824707,,,
543,,,-0.6786364316940308,,,
544,,,-0.7576261758804321,,,
545,,,0.9536238312721252,,,
546,,,-1.0284043550491333,,,
547,,,-0.6931065917015076,,,
548,,,-0.7493292093276978,,,
549,,,0.24971015751361847,,,
550,,,-0.42804354429244995,,,
551,,,0.8503555655479431,,,
552,,,0.6431915760040283,,,
553,,,0.31372499465942383,,,
554,,,0.08666826039552689,,,
555,,,0.7594757080078125,,,
556,,,0.7871785759925842,,,
557,,,-0.6075743436813354,,,
558,,,0.8365271091461182,,,
559,,,0.9705843925476074,,,
560,,,0.16399356722831726,,,
561,,,0.8360253572463989,,,
562,,,0.4854464530944824,,,
563,,,-0.9569189548492432,,,
564,,,0.789746105670929,,,
565,,,0.7223504781723022,,,
566,,,-0.7252389788627625,,,
567,,,-0.7063905000686646,,,
568,,,1.0843714475631714,,,
569,,,-0.8796348571777344,,,
570,,,0.6068189740180969,,,
571,,,-0.6099621653556824,,,
572,,,0.3785187602043152,,,
573,,,0.5922048687934875,,,
574,,,-0.18361780047416687,,,
575,,,-0.5931240916252136,,,
576,,,-0.5161500573158264,,,
577,,,0.5532881617546082,,,
578,,,-1.151192545890808,,,
579,,,-0.5181158185005188,,,
580,,,-0.9820616245269775,,,
581,,,0.4026069641113281,,,
582,,,-0.6235317587852478,,,
583,,,0.4958229660987854,,,
584,,,-0.7128748893737793,,,
585,,,0.4642607569694519,,,
586,,,-0.07182470709085464,,,
587,,,0.22555899620056152,,,
588,,,0.857264518737793,,,
589,,,-0.9336385726928711,,,
590,,,1.0914860963821411,,,
591,,,0.33807381987571716,,,
592,,,0.5661870241165161,,,
593,,,1.200581669807434,,,
594,,,0.7717059254646301,,,
595,,,-0.9747875332832336,,,
596,,,0.37696078419685364,,,
597,,,1.302098274230957,,,
598,,,-0.894500195980072,,,
599,,,-0.7543132305145264,,,
600,,,1.4078552722930908,,,
601,,,1.1218013763427734,,,
602,,,0.629156231880188,,,
603,,,-0.6179156303405762,,,
604,,,0.6138171553611755,,,
605,,,0.3695654571056366,,,
606,,,-0.2103172242641449,,,
607,,,-0.0671653226017952,,,
608,,,-1.2820624113082886,,,
609,,,0.641110897064209,,,
610,,,-0.8797166347503662,,,
611,,,-0.5941393971443176,,,
612,,,-0.8609743714332581,,,
613,,,0.48902449011802673,,,
614,,,-0.5591452121734619,,,
615,,,0.8349847197532654,,,
616,,,-0.05091194063425064,,,
617,,,0.5695242881774902,,,
618,,,0.06397175043821335,,,
619,,,0.39333054423332214,,,
620,,,0.7357171177864075,,,
621,,,-0.6660318970680237,,,
622,,,0.737206757068634,,,
623,,,0.8688753247261047,,,
624,,,0.0966348722577095,,,
625,,,1.1590744256973267,,,
626,,,0.9196649193763733,,,
627,,,-1.1868529319763184,,,
628,,,0.5216062664985657,,,
629,,,0.8935771584510803,,,
630,,,-0.8409774899482727,,,
631,,,-0.44697311520576477,,,
632,,,0.8666906356811523,,,
633,,,-1.0103071928024292,,,
634,,,0.770148515701294,,,
635,,,-0.10224498063325882,,,
636,,,0.5476097464561462,,,
637,,,0.7489491701126099,,,
638,,,0.29090017080307007,,,
639,,,-0.8849966526031494,,,
640,,,0.5285459160804749,,,
641,,,-0.4856928288936615,,,
642,,,-0.0919838696718216,,,
643,,,0.05483704060316086,,,
644,,,-0.017869077622890472,,,
645,,,0.017060764133930206,,,
646,,,0.0533907525241375,,,
647,,,-0.26697805523872375,,,
648,,,-0.0267721489071846,,,
649,,,-0.14557667076587677,,,
650,,,-0.421295702457428,,,
651,,,-0.28114035725593567,,,
652,,,-0.22996681928634644,,,
653,,,0.03511057421565056,,,
654,,,0.052705127745866776,,,
655,,,-0.5003048777580261,,,
656,,,-0.29487138986587524,,,
657,,,-1.2138761281967163,,,
658,,,-0.5347768068313599,,,
659,,,0.5486298203468323,,,
660,,,-0.3260631263256073,,,
661,,,-0.2121732383966446,,,
662,,,0.2266651839017868,,,
663,,,-0.09018775075674057,,,
664,,,0.05211225897073746,,,
665,,,0.9270398020744324,,,
666,,,-0.6062402129173279,,,
667,,,0.03932681307196617,,,
668,,,-0.03718993067741394,,,
669,,,-0.3975898027420044,,,
670,,,-0.08425074070692062,,,
671,,,0.5610765814781189,,,
672,,,-0.6128328442573547,,,
673,,,0.8676634430885315,,,
674,,,-0.35339611768722534,,,
675,,,-0.5116525292396545,,,
676,,,-0.6851130723953247,,,
677,,,0.48404577374458313,,,
678,,,-0.6547374129295349,,,
679,,,0.798667311668396,,,
680,,,0.020274730399250984,,,
681,,,0.5474556684494019,,,
682,,,-0.12675008177757263,,,
683,,,0.5004700422286987,,,
684,,,0.9861244559288025,,,
685,,,-0.8106551170349121,,,
686,,,0.7324264645576477,,,
687,,,1.052053451538086,,,
688,,,-0.11044240742921829,,,
689,,,1.1270025968551636,,,
690,,,0.49208199977874756,,,
691,,,-1.1752204895019531,,,
692,,,0.9690689444541931,,,
693,,,1.021232008934021,,,
694,,,-0.6344878077507019,,,
695,,,-0.9858495593070984,,,
696,,,0.9986684918403625,,,
697,,,-0.4031733274459839,,,
698,,,0.7652509808540344,,,
699,,,-0.14165276288986206,,,
700,,,0.41148242354393005,,,
701,,,0.6488008499145508,,,
702,,,-0.3273162841796875,,,
703,,,-0.47104740142822266,,,
704,,,0.5740989446640015,,,
705,,,-0.7302972674369812,,,
706,,,0.9367429614067078,,,
707,,,0.4716779887676239,,,
708,,,0.806210994720459,,,
709,,,-0.5300150513648987,,,
710,,,0.4168355464935303,,,
711,,,-0.510371208190918,,,
712,,,0.1713777631521225,,,
713,,,-0.1292920708656311,,,
714,,,0.2014976143836975,,,
715,,,-0.11458799988031387,,,
716,,,-0.47861289978027344,,,
717,,,0.2807958126068115,,,
718,,,-1.0233547687530518,,,
719,,,-0.4293678104877472,,,
720,,,-0.14444032311439514,,,
721,,,-0.9782186150550842,,,
722,,,-0.23243583738803864,,,
723,,,0.8775033354759216,,,
724,,,-0.8149216175079346,,,
725,,,-0.927521288394928,,,
726,,,0.8091312050819397,,,
727,,,0.2679287791252136,,,
728,,,-1.3957953453063965,,,
729,,,0.08370014280080795,,,
730,,,-0.4131758213043213,,,
731,,,0.11250192672014236,,,
732,,,-0.4594981074333191,,,
733,,,-0.22447791695594788,,,
734,,,0.06275171786546707,,,
735,,,-0.3074851930141449,,,
736,,,0.8041921257972717,,,
737,,,-0.6616924405097961,,,
738,,,-0.3589411675930023,,,
739,,,-0.2052585482597351,,,
740,,,-0.2860254645347595,,,
741,,,-0.4152998626232147,,,
742,,,-0.09785053133964539,,,
743,,,-0.49047666788101196,,,
744,,,0.38459131121635437,,,
745,,,-0.14155545830726624,,,
746,,,0.0826757401227951,,,
747,,,-0.02286144718527794,,,
748,,,-0.23030658066272736,,,
749,,,-0.042456045746803284,,,
750,,,0.0799078643321991,,,
751,,,-0.29781055450439453,,,
752,,,-0.024014608934521675,,,
753,,,-0.9745219349861145,,,
754,,,-0.45571017265319824,,,
755,,,1.223789095878601,,,
756,,,-0.8467848896980286,,,
757,,,0.23979535698890686,,,
758,,,-0.07589347660541534,,,
759,,,-0.2279127836227417,,,
760,,,0.5618590712547302,,,
761,,,0.9074975252151489,,,
762,,,-0.3709520697593689,,,
763,,,0.1550198793411255,,,
764,,,0.040414661169052124,,,
765,,,-0.27351221442222595,,,
766,,,-0.7229232788085938,,,
767,,,0.3733857274055481,,,
768,,,0.3584951162338257,,,
769,,,-0.44888943433761597,,,
770,,,-0.4425675868988037,,,
771,,,-0.34193432331085205,,,
772,,,-1.221551537513733,,,
773,,,0.10082276165485382,,,
774,,,-0.6222204566001892,,,
775,,,-0.001121971756219864,,,
776,,,0.8665863871574402,,,
777,,,0.03806993365287781,,,
778,,,0.12894479930400848,,,
779,,,0.24021995067596436,,,
780,,,-0.3762262165546417,,,
781,,,-0.4960632920265198,,,
782,,,0.6092462539672852,,,
783,,,-0.08401773124933243,,,
784,,,-0.48397237062454224,,,
785,,,-0.8554698824882507,,,
786,,,-0.14102430641651154,,,
787,,,0.7655773162841797,,,
788,,,-0.2768712639808655,,,
789,,,0.9614784121513367,,,
790,,,-0.802916407585144,,,
791,,,-0.8598911166191101,,,
792,,,1.2707972526550293,,,
793,,,0.23894132673740387,,,
794,,,-0.38213199377059937,,,
795,,,-0.005381193943321705,,,
796,,,0.42686134576797485,,,
797,,,0.03365864232182503,,,
798,,,-0.4064061641693115,,,
799,,,0.5214179158210754,,,
800,,,0.618893563747406,,,
801,,,-0.1614678055047989,,,
802,,,-0.20641173422336578,,,
803,,,-0.7727533578872681,,,
804,,,-0.7332978248596191,,,
805,,,0.1838427186012268,,,
806,,,0.139362171292305,,,
807,,,-0.17691700160503387,,,
808,,,0.8365753889083862,,,
809,,,-0.3120974600315094,,,
810,,,-0.25598493218421936,,,
811,,,-0.14971299469470978,,,
812,,,-0.03916187211871147,,,
813,,,-0.015006225556135178,,,
814,,,0.07960573583841324,,,
815,,,-0.6067003011703491,,,
816,,,-0.2175275683403015,,,
817,,,-0.8259513974189758,,,
818,,,-0.36134326457977295,,,
819,,,0.9039269089698792,,,
820,,,-0.7596098780632019,,,
821,,,0.2638418674468994,,,
822,,,-0.1415640264749527,,,
823,,,-0.5959231853485107,,,
824,,,0.16657739877700806,,,
825,,,1.0199580192565918,,,
826,,,-0.4414330720901489,,,
827,,,-0.002436393406242132,,,
828,,,0.04272926598787308,,,
829,,,0.23693817853927612,,,
830,,,-0.9328346848487854,,,
831,,,0.610256016254425,,,
832,,,0.17002670466899872,,,
833,,,-0.38100215792655945,,,
834,,,1.2263339757919312,,,
835,,,0.37037238478660583,,,
836,,,1.0739988088607788,,,
837,,,-0.7061439752578735,,,
838,,,0.4386097490787506,,,
839,,,-0.34401506185531616,,,
840,,,-1.0771409273147583,,,
841,,,-0.3535092771053314,,,
842,,,-0.0021334418561309576,,,
843,,,-0.13353951275348663,,,
844,,,-0.18536725640296936,,,
845,,,0.5888540744781494,,,
846,,,-0.527525007724762,,,
847,,,-0.32116061449050903,,,
848,,,-0.4280427098274231,,,
849,,,-0.3318434953689575,,,
850,,,-0.36708858609199524,,,
851,,,0.31958767771720886,,,
852,,,-0.02002393640577793,,,
853,,,-0.9139155745506287,,,
854,,,0.7524629831314087,,,
855,,,0.9369491934776306,,,
856,,,-1.1203831434249878,,,
857,,,0.12949837744235992,,,
858,,,-0.46857768297195435,,,
859,,,0.39315012097358704,,,
860,,,-0.6145159006118774,,,
861,,,-0.11986371129751205,,,
862,,,0.5985037684440613,,,
863,,,0.023494383320212364,,,
864,,,0.7538552284240723,,,
865,,,-0.9324102997779846,,,
866,,,1.277595043182373,,,
867,,,0.9232215285301208,,,
868,,,1.1323906183242798,,,
869,,,-0.9270809888839722,,,
870,,,1.1925749778747559,,,
871,,,-0.6913473606109619,,,
872,,,-0.8219969272613525,,,
873,,,-0.5188771486282349,,,
874,,,0.10597926378250122,,,
875,,,-0.4004644453525543,,,
876,,,-0.6057243347167969,,,
877,,,0.8918845057487488,,,
878,,,-0.9163147211074829,,,
879,,,-0.8745248317718506,,,
880,,,-0.6521605849266052,,,
881,,,-0.9168562293052673,,,
882,,,-0.755889892578125,,,
883,,,1.1038116216659546,,,
884,,,-0.7129812836647034,,,
885,,,-1.4000788927078247,,,
886,,,0.7104482650756836,,,
887,,,1.265022873878479,,,
888,,,-0.9505770802497864,,,
889,,,-0.13909472525119781,,,
890,,,-0.5487698912620544,,,
891,,,1.0038702487945557,,,
892,,,-0.6229457259178162,,,
893,,,-0.7256341576576233,,,
894,,,1.3291956186294556,,,
895,,,0.5734676718711853,,,
896,,,0.3648577630519867,,,
897,,,-0.40927910804748535,,,
898,,,0.9401759505271912,,,
899,,,0.540407657623291,,,
900,,,0.7049229145050049,,,
901,,,-0.14585858583450317,,,
902,,,0.2403721809387207,,,
903,,,-0.20515894889831543,,,
904,,,-1.092672348022461,,,
905,,,-0.5130273103713989,,,
906,,,-0.036072537302970886,,,
907,,,-0.3249113857746124,,,
908,,,-0.5845984816551208,,,
909,,,0.5114824175834656,,,
910,,,-0.8219195604324341,,,
911,,,-0.42465072870254517,,,
912,,,-0.10121360421180725,,,
913,,,-0.8229913115501404,,,
914,,,-0.5049281716346741,,,
915,,,0.7526664733886719,,,
916,,,-0.3952488899230957,,,
917,,,-1.407999038696289,,,
918,,,0.5714200139045715,,,
919,,,0.7318080067634583,,,
920,,,-1.0088200569152832,,,
921,,,0.3037530481815338,,,
922,,,-0.3356665074825287,,,
923,,,0.255750834941864,,,
924,,,-0.22165066003799438,,,
925,,,-0.5099056959152222,,,
926,,,0.6885109543800354,,,
927,,,0.310722678899765,,,
928,,,0.98488849401474,,,
929,,,-0.782120943069458,,,
930,,,0.9073086977005005,,,
931,,,0.789848268032074,,,
932,,,0.7568506002426147,,,
933,,,-0.3112733066082001,,,
934,,,0.6631578207015991,,,
935,,,-0.6917436122894287,,,
936,,,-0.7875856161117554,,,
937,,,-0.6920658946037292,,,
938,,,0.07306457310914993,,,
939,,,-0.5292255878448486,,,
940,,,-0.5340646505355835,,,
941,,,0.9158955216407776,,,
942,,,-0.4596879780292511,,,
943,,,-0.5411289930343628,,,
944,,,-0.4729226231575012,,,
945,,,-1.2679829597473145,,,
946,,,-0.29144760966300964,,,
947,,,0.905153751373291,,,
948,,,-0.67677241563797,,,
949,,,-0.8239784240722656,,,
950,,,0.9085022211074829,,,
951,,,0.9321497082710266,,,
952,,,-1.0489890575408936,,,
953,,,0.9657250046730042,,,
954,,,-0.9017084836959839,,,
955,,,0.47752076387405396,,,
956,,,-0.7231786251068115,,,
957,,,-0.5528788566589355,,,
958,,,0.523051917552948,,,
959,,,0.637929379940033,,,
960,,,1.1779066324234009,,,
961,,,-0.7307409048080444,,,
962,,,1.3127882480621338,,,
963,,,0.9762952923774719,,,
964,,,1.1730198860168457,,,
965,,,-0.700374960899353,,,
966,,,0.957388699054718,,,
967,,,-0.7374827265739441,,,
968,,,-1.1339420080184937,,,
969,,,-1.1502140760421753,,,
970,,,0.22429484128952026,,,
971,,,-0.9198887944221497,,,
972,,,-0.9571051001548767,,,
973,,,1.1075961589813232,,,
974,,,-0.8137639760971069,,,
975,,,-0.7090975046157837,,,
976,,,-1.0131487846374512,,,
977,,,-0.9662994742393494,,,
978,,,-1.0887380838394165,,,
979,,,0.7525818943977356,,,
980,,,-1.075449824333191,,,
981,,,-1.0560104846954346,,,
982,,,0.7541894316673279,,,
983,,,0.9432551860809326,,,
984,,,-1.0149885416030884,,,
985,,,0.7898943424224854,,,
986,,,-0.6710480451583862,,,
987,,,0.8439828753471375,,,
988,,,-0.8086705207824707,,,
989,,,-1.0149075984954834,,,
990,,,0.8477555513381958,,,
991,,,0.7597100734710693,,,
992,,,0.5648579597473145,,,
993,,,-0.2741081118583679,,,
994,,,0.3083576560020447,,,
995,,,0.20724867284297943,,,
996,,,0.7092111110687256,,,
997,,,-0.07591630518436432,,,
998,,,0.22345472872257233,,,
999,,,-0.26029062271118164,,,
1000,,,-1.4047445058822632,,,
1001,,,-0.05228322744369507,,,
1002,,,-0.08853177726268768,,,
1003,,,-0.18839573860168457,,,
1004,,,-0.09454253315925598,,,
1005,,,0.19082605838775635,,,
1006,,,-0.8096698522567749,,,
1007,,,-0.4970046281814575,,,
1008,,,-0.41047778725624084,,,
1009,,,-0.6040515303611755,,,
1010,,,-0.6493946313858032,,,
1011,,,0.9598547220230103,,,
1012,,,-0.4543861448764801,,,
1013,,,-0.8733661770820618,,,
1014,,,0.4037160873413086,,,
1015,,,0.4376114308834076,,,
1016,,,-0.6475563049316406,,,
1017,,,0.5869324803352356,,,
1018,,,-0.3198665678501129,,,
1019,,,0.09745142608880997,,,
1020,,,-0.326375275850296,,,
1021,,,-0.33501768112182617,,,
1022,,,0.5511237978935242,,,
1023,,,0.13329780101776123,,,
